ID,Event,Medal
62,Rowing Men's Coxless Pairs,Bronze
65,Taekwondo Women's Flyweight,Bronze
73,Handball Men's Handball,Silver
250,"Wrestling Men's Middleweight, Greco-Roman",Bronze
455,Gymnastics Men's Team All-Around,Silver
455,Gymnastics Men's Horse Vault,Silver
455,Gymnastics Men's Rings,Bronze
465,Swimming Men's 4 x 100 metres Freestyle Relay,Bronze
576,Basketball Men's Basketball,Bronze
608,Taekwondo Men's Featherweight,Gold
690,Rowing Women's Quadruple Sculls,Silver
832,Boxing Women's Flyweight,Gold
837,Volleyball Women's Volleyball,Bronze
846,Athletics Women's Shot Put,Silver
1017,Swimming Men's 50 metres Freestyle,Bronze
1017,Swimming Men's 100 metres Freestyle,Bronze
1017,Swimming Men's 4 x 100 metres Freestyle Relay,Gold
1017,Swimming Men's 4 x 100 metres Medley Relay,Gold
1561,Athletics Men's 4 x 100 metres Relay,Bronze
1634,"Wrestling Men's Super-Heavyweight, Freestyle",Gold
1647,Boxing Men's Bantamweight,Bronze
1682,Athletics Women's 4 x 100 metres Relay,Gold
1683,Volleyball Women's Volleyball,Bronze
2497,"Wrestling Men's Heavyweight, Greco-Roman",Gold
2610,Taekwondo Men's Heavyweight,Silver
2695,Athletics Women's 100 metres Hurdles,Silver
2769,Taekwondo Women's Featherweight,Bronze
3077,Handball Women's Handball,Bronze
3174,Boxing Men's Lightweight,Bronze
3537,"Wrestling Women's Lightweight, Freestyle",Bronze
3691,Rowing Women's Coxless Pairs,Bronze
3845,Volleyball Men's Volleyball,Bronze
4505,Basketball Men's Basketball,Gold
4575,Volleyball Men's Volleyball,Silver
4782,Athletics Men's 50 kilometres Walk,Bronze
5023,Boxing Men's Light-Flyweight,Bronze
5093,Volleyball Men's Volleyball,Gold
5245,Handball Women's Handball,Bronze
5414,"Wrestling Men's Welterweight, Greco-Roman",Silver
5542,Athletics Women's 4 x 100 metres Relay,Bronze
5561,Athletics Men's 4 x 100 metres Relay,Gold
5577,Swimming Women's 4 x 200 metres Freestyle Relay,Silver
5971,Basketball Women's Basketball,Gold
6204,"Athletics Women's 5,000 metres",Bronze
6204,"Athletics Women's 10,000 metres",Gold
6241,Handball Women's Handball,Silver
6346,Rowing Men's Lightweight Double Sculls,Gold
6912,Athletics Men's 4 x 100 metres Relay,Gold
7020,Swimming Women's 100 metres Backstroke,Silver
7020,Swimming Women's 4 x 100 metres Medley Relay,Gold
7133,Swimming Men's 200 metres Breaststroke,Gold
7590,Volleyball Women's Volleyball,Bronze
7612,Rowing Women's Quadruple Sculls,Gold
7956,Basketball Men's Basketball,Gold
8025,Rowing Men's Lightweight Coxless Fours,Bronze
8051,Swimming Women's 4 x 200 metres Freestyle Relay,Silver
8128,"Athletics Women's 1,500 metres",Bronze
8204,Athletics Men's High Jump,Silver
8214,Rowing Men's Lightweight Coxless Fours,Silver
8417,Athletics Men's 110 metres Hurdles,Bronze
8672,Boxing Men's Light-Heavyweight,Bronze
9432,Rowing Women's Coxless Pairs,Silver
9444,Taekwondo Men's Welterweight,Bronze
9464,Athletics Women's High Jump,Gold
9577,"Wrestling Men's Light-Heavyweight, Greco-Roman",Silver
9750,Swimming Women's 200 metres Butterfly,Gold
9750,Swimming Women's 400 metres Individual Medley,Bronze
9764,Rowing Men's Quadruple Sculls,Silver
9823,Boxing Women's Lightweight,Bronze
9829,Gymnastics Men's Team All-Around,Silver
9829,Gymnastics Men's Parallel Bars,Bronze
10173,Rowing Women's Coxed Eights,Silver
10181,Rowing Men's Coxed Eights,Gold
10257,Swimming Men's 4 x 200 metres Freestyle Relay,Gold
10341,Rowing Women's Coxed Eights,Bronze
10425,"Wrestling Men's Featherweight, Greco-Roman",Bronze
11094,Rowing Women's Quadruple Sculls,Silver
11495,Gymnastics Women's Individual All-Around,Gold
11495,Gymnastics Women's Team All-Around,Gold
11495,Gymnastics Women's Floor Exercise,Gold
11495,Gymnastics Women's Horse Vault,Gold
11495,Gymnastics Women's Balance Beam,Bronze
11653,Volleyball Men's Volleyball,Silver
11656,Basketball Men's Basketball,Silver
11671,Basketball Women's Basketball,Gold
11673,Athletics Men's 20 kilometres Walk,Bronze
12086,Athletics Men's 4 x 100 metres Relay,Gold
12290,Handball Women's Handball,Gold
12399,Swimming Women's 50 metres Freestyle,Gold
12399,Swimming Women's 4 x 100 metres Medley Relay,Bronze
12496,Handball Women's Handball,Gold
12738,Basketball Men's Basketball,Silver
12740,Taekwondo Women's Flyweight,Silver
12757,Rowing Women's Coxed Eights,Bronze
12981,"Wrestling Men's Welterweight, Greco-Roman",Bronze
13029,Athletics Men's 100 metres,Gold
13029,Athletics Men's 200 metres,Gold
13029,Athletics Men's 4 x 100 metres Relay,Gold
13120,Rowing Men's Coxless Pairs,Gold
13131,Athletics Men's High Jump,Bronze
13359,Rowing Men's Coxless Fours,Silver
13395,Rowing Men's Double Sculls,Bronze
13466,Volleyball Men's Volleyball,Gold
13623,"Wrestling Men's Featherweight, Greco-Roman",Gold
13753,Volleyball Women's Volleyball,Silver
14202,Rowing Women's Quadruple Sculls,Silver
14266,Athletics Women's 100 metres,Silver
14266,Athletics Women's 200 metres,Bronze
14266,Athletics Women's 4 x 100 metres Relay,Gold
14580,Volleyball Women's Volleyball,Silver
14810,Athletics Men's Pole Vault,Gold
15181,Rowing Men's Coxless Pairs,Silver
15460,Athletics Men's 4 x 100 metres Relay,Bronze
15488,Athletics Men's 4 x 400 metres Relay,Bronze
15743,Rowing Men's Lightweight Double Sculls,Bronze
15788,Swimming Women's 10 kilometres Open Water,Silver
15791,Volleyball Men's Volleyball,Gold
15967,Boxing Men's Light-Heavyweight,Bronze
16302,"Wrestling Women's Heavyweight, Freestyle",Bronze
16383,Handball Women's Handball,Silver
16792,Volleyball Women's Volleyball,Silver
16900,Volleyball Men's Volleyball,Silver
16923,Basketball Men's Basketball,Gold
16977,Basketball Women's Basketball,Bronze
17125,Athletics Women's Discus Throw,Bronze
17300,Athletics Men's 20 kilometres Walk,Silver
17402,Basketball Men's Basketball,Bronze
17415,Swimming Women's 200 metres Backstroke,Bronze
17525,Taekwondo Women's Featherweight,Silver
17602,Athletics Men's 4 x 100 metres Relay,Silver
17684,Swimming Women's 4 x 100 metres Freestyle Relay,Gold
17687,Swimming Women's 4 x 100 metres Freestyle Relay,Gold
17687,Swimming Women's 4 x 100 metres Medley Relay,Silver
17755,Athletics Women's 4 x 100 metres Relay,Silver
18278,Swimming Women's 400 metres Freestyle,Silver
18278,Swimming Women's 800 metres Freestyle,Silver
18389,Rowing Women's Coxed Eights,Silver
18653,Athletics Women's Shot Put,Gold
18870,Rowing Men's Coxless Fours,Bronze
18976,Athletics Women's 100 metres Hurdles,Bronze
19044,Basketball Women's Basketball,Gold
19205,Basketball Women's Basketball,Bronze
19335,"Athletics Men's 1,500 metres",Gold
19586,"Wrestling Men's Light-Heavyweight, Greco-Roman",Gold
19603,Swimming Men's 100 metres Freestyle,Gold
19603,Swimming Men's 4 x 100 metres Freestyle Relay,Bronze
19603,Swimming Men's 4 x 100 metres Medley Relay,Bronze
19643,"Wrestling Men's Welterweight, Freestyle",Bronze
19901,Basketball Women's Basketball,Gold
20133,"Athletics Men's 5,000 metres",Silver
20525,"Athletics Women's 5,000 metres",Gold
20525,"Athletics Women's 10,000 metres",Silver
20742,Athletics Women's 4 x 400 metres Relay,Bronze
21270,Volleyball Men's Volleyball,Bronze
21299,Handball Men's Handball,Gold
21439,Swimming Men's 200 metres Breaststroke,Bronze
21492,Rowing Women's Quadruple Sculls,Bronze
21695,Taekwondo Men's Welterweight,Gold
21700,Boxing Men's Welterweight,Bronze
21935,Basketball Men's Basketball,Bronze
21954,Athletics Men's Triple Jump,Silver
21990,Athletics Men's 400 metres Hurdles,Gold
22002,Athletics Men's 4 x 400 metres Relay,Gold
22143,"Athletics Women's 3,000 metres Steeplechase",Bronze
22249,Rowing Women's Coxed Eights,Bronze
22287,Rowing Women's Coxed Eights,Bronze
22299,Volleyball Men's Volleyball,Silver
22307,Rowing Men's Lightweight Coxless Fours,Bronze
22623,Boxing Men's Lightweight,Gold
22662,Swimming Men's 4 x 200 metres Freestyle Relay,Gold
22865,Swimming Women's 4 x 200 metres Freestyle Relay,Silver
22978,Athletics Men's 400 metres Hurdles,Bronze
23040,Swimming Men's 4 x 100 metres Medley Relay,Gold
23497,Basketball Men's Basketball,Gold
23585,"Wrestling Men's Light-Heavyweight, Freestyle",Bronze
23974,Athletics Men's Shot Put,Gold
23988,Rowing Women's Single Sculls,Gold
24028,Basketball Women's Basketball,Silver
24064,Basketball Women's Basketball,Bronze
24093,Swimming Men's 100 metres Butterfly,Silver
24313,"Wrestling Men's Welterweight, Greco-Roman",Bronze
24765,Basketball Women's Basketball,Bronze
24767,Basketball Women's Basketball,Bronze
25145,Handball Women's Handball,Silver
25807,Athletics Women's 4 x 400 metres Relay,Silver
26135,Athletics Men's 100 metres,Bronze
26135,Athletics Men's 200 metres,Silver
26135,Athletics Men's 4 x 100 metres Relay,Bronze
26718,Rowing Women's Coxed Eights,Silver
27357,Basketball Women's Basketball,Gold
27438,Handball Women's Handball,Silver
27488,Athletics Women's High Jump,Silver
27495,"Wrestling Men's Middleweight, Freestyle",Bronze
27572,Gymnastics Men's Team All-Around,Bronze
27601,Taekwondo Men's Featherweight,Silver
27743,Basketball Men's Basketball,Gold
27897,Swimming Men's 400 metres Freestyle,Bronze
27897,"Swimming Men's 1,500 metres Freestyle",Bronze
28068,Rowing Men's Coxless Pairs,Bronze
28171,Athletics Women's 4 x 400 metres Relay,Bronze
28311,"Athletics Women's 1,500 metres",Silver
28312,Athletics Women's Marathon,Bronze
28313,"Athletics Women's 10,000 metres",Bronze
28663,Volleyball Women's Volleyball,Gold
28727,Handball Men's Handball,Silver
28734,Swimming Women's 4 x 200 metres Freestyle Relay,Gold
28734,Swimming Women's 200 metres Backstroke,Gold
28734,Swimming Women's 200 metres Individual Medley,Bronze
28734,Swimming Women's 400 metres Individual Medley,Silver
28759,Handball Men's Handball,Bronze
28906,Handball Women's Handball,Gold
29282,Basketball Women's Basketball,Silver
29366,Athletics Men's Triple Jump,Bronze
29508,Boxing Men's Lightweight,Bronze
29618,"Wrestling Women's Light-Heavyweight, Freestyle",Gold
29686,Gymnastics Women's Team All-Around,Gold
29899,Rowing Men's Coxed Eights,Silver
29989,Swimming Men's 4 x 100 metres Freestyle Relay,Gold
29989,Swimming Men's 4 x 100 metres Medley Relay,Gold
30097,Athletics Men's High Jump,Gold
30126,Rowing Women's Coxed Eights,Bronze
30136,Handball Men's Handball,Bronze
30156,Rowing Men's Single Sculls,Gold
30216,Rowing Women's Single Sculls,Bronze
30615,Boxing Men's Light-Welterweight,Bronze
30661,Athletics Men's 4 x 400 metres Relay,Silver
30664,Rowing Men's Coxless Fours,Silver
30807,Basketball Men's Basketball,Gold
30808,Rowing Men's Coxed Eights,Gold
30884,Boxing Men's Light-Flyweight,Gold
31012,Swimming Men's 200 metres Freestyle,Bronze
31012,Swimming Men's 4 x 200 metres Freestyle Relay,Gold
31041,Boxing Men's Super-Heavyweight,Bronze
31205,Athletics Men's Decathlon,Gold
31360,Rowing Women's Coxed Eights,Silver
31381,Volleyball Men's Volleyball,Gold
31513,Handball Women's Handball,Silver
31634,Swimming Men's 4 x 200 metres Freestyle Relay,Bronze
32382,Athletics Women's 4 x 400 metres Relay,Gold
32404,Rowing Women's Coxed Eights,Gold
32407,Swimming Women's 4 x 100 metres Freestyle Relay,Gold
32407,Swimming Women's 4 x 100 metres Medley Relay,Silver
32577,Rowing Men's Quadruple Sculls,Bronze
32710,Athletics Women's Heptathlon,Silver
33079,Swimming Men's 50 metres Freestyle,Gold
33079,Swimming Men's 4 x 100 metres Freestyle Relay,Gold
33095,Volleyball Men's Volleyball,Gold
33238,Taekwondo Women's Heavyweight,Silver
33664,Handball Men's Handball,Silver
33686,Athletics Women's 4 x 100 metres Relay,Silver
33952,Gymnastics Women's Team All-Around,Bronze
34012,"Athletics Men's 5,000 metres",Gold
34012,"Athletics Men's 10,000 metres",Gold
34217,Handball Men's Handball,Bronze
34467,Swimming Men's 4 x 100 metres Freestyle Relay,Gold
34551,Athletics Women's 400 metres,Silver
34551,Athletics Women's 4 x 100 metres Relay,Gold
34551,Athletics Women's 4 x 400 metres Relay,Gold
34876,Basketball Men's Basketball,Bronze
35443,Boxing Men's Flyweight,Bronze
36182,Boxing Women's Middleweight,Silver
36212,Athletics Women's 4 x 100 metres Relay,Silver
36350,Rowing Men's Quadruple Sculls,Silver
36558,Basketball Women's Basketball,Gold
36595,Handball Women's Handball,Bronze
36669,Athletics Men's 4 x 400 metres Relay,Silver
36677,Athletics Women's 4 x 400 metres Relay,Gold
36785,Swimming Women's 4 x 200 metres Freestyle Relay,Gold
36802,"Wrestling Women's Light-Heavyweight, Freestyle",Bronze
36870,Athletics Women's 100 metres,Bronze
36870,Athletics Women's 4 x 100 metres Relay,Silver
37402,Swimming Women's 100 metres Backstroke,Bronze
37589,Rowing Women's Double Sculls,Gold
38162,Taekwondo Women's Heavyweight,Bronze
38258,"Wrestling Men's Light-Heavyweight, Greco-Roman",Bronze
38753,Athletics Men's 4 x 400 metres Relay,Bronze
38761,Athletics Women's 4 x 100 metres Relay,Gold
38960,Basketball Men's Basketball,Bronze
39035,Athletics Men's 100 metres,Silver
39193,Boxing Men's Light-Welterweight,Gold
39246,Taekwondo Women's Welterweight,Bronze
39290,"Athletics Men's 5,000 metres",Bronze
39312,"Wrestling Men's Middleweight, Freestyle",Silver
39502,Handball Men's Handball,Bronze
39561,Basketball Men's Basketball,Gold
39663,Handball Men's Handball,Silver
39672,Swimming Women's 50 metres Freestyle,Bronze
39949,"Wrestling Men's Super-Heavyweight, Freestyle",Silver
40102,Volleyball Men's Volleyball,Silver
40104,Swimming Men's 10 kilometres Open Water,Silver
40243,Basketball Women's Basketball,Silver
40403,Swimming Men's 4 x 100 metres Freestyle Relay,Silver
40549,Rowing Men's Quadruple Sculls,Silver
40641,Boxing Men's Welterweight,Silver
40709,Volleyball Women's Volleyball,Bronze
40724,Handball Women's Handball,Silver
40818,Rowing Women's Coxless Pairs,Gold
40904,Rowing Women's Coxed Eights,Gold
41425,Volleyball Women's Volleyball,Gold
41543,Taekwondo Men's Featherweight,Bronze
41597,Athletics Women's 20 kilometres Walk,Silver
41795,Athletics Women's 4 x 400 metres Relay,Silver
41957,Swimming Women's 4 x 200 metres Freestyle Relay,Bronze
42000,Rowing Men's Coxed Eights,Gold
42312,Rowing Women's Double Sculls,Silver
42585,Handball Men's Handball,Silver
42622,Basketball Men's Basketball,Gold
42734,Rowing Men's Coxless Fours,Gold
42804,Rowing Women's Coxed Eights,Silver
42984,Handball Women's Handball,Bronze
42994,Basketball Women's Basketball,Gold
43037,Rowing Men's Double Sculls,Silver
43241,Swimming Women's 200 metres Butterfly,Silver
43241,Swimming Women's 4 x 100 metres Medley Relay,Silver
43300,Rowing Men's Quadruple Sculls,Gold
43570,Volleyball Men's Volleyball,Gold
43698,Handball Men's Handball,Silver
44231,Swimming Men's 4 x 200 metres Freestyle Relay,Silver
44231,Swimming Men's 4 x 100 metres Medley Relay,Silver
44384,Rowing Men's Lightweight Coxless Fours,Gold
44479,Swimming Men's 4 x 200 metres Freestyle Relay,Gold
44667,Handball Men's Handball,Bronze
44745,Swimming Men's 4 x 200 metres Freestyle Relay,Bronze
44745,Swimming Men's 200 metres Individual Medley,Silver
44745,Swimming Men's 400 metres Individual Medley,Gold
44993,Athletics Men's 4 x 400 metres Relay,Gold
45219,Gymnastics Men's Horizontal Bar,Gold
45656,Taekwondo Men's Flyweight,Silver
45732,Handball Men's Handball,Gold
45782,Handball Men's Handball,Gold
45793,Handball Men's Handball,Gold
46091,Volleyball Women's Volleyball,Bronze
46275,Athletics Men's Discus Throw,Gold
46344,Boxing Men's Light-Welterweight,Bronze
46542,Athletics Women's 4 x 400 metres Relay,Gold
46861,Athletics Men's 4 x 100 metres Relay,Bronze
46951,Rowing Women's Lightweight Double Sculls,Gold
47274,Handball Men's Handball,Bronze
47578,Athletics Men's Long Jump,Gold
47603,Rowing Men's Coxed Eights,Bronze
47736,Athletics Women's 4 x 100 metres Relay,Bronze
48041,Gymnastics Women's Team All-Around,Gold
48041,Gymnastics Women's Balance Beam,Silver
48058,Boxing Men's Light-Flyweight,Bronze
48109,Basketball Men's Basketball,Bronze
48128,Handball Women's Handball,Bronze
48505,"Wrestling Men's Featherweight, Freestyle",Silver
48553,Rowing Men's Coxless Fours,Silver
48581,Volleyball Women's Volleyball,Bronze
48586,Rowing Men's Coxed Eights,Gold
48858,Athletics Women's Hammer Throw,Bronze
49581,Volleyball Men's Volleyball,Bronze
49881,Handball Women's Handball,Silver
50055,Swimming Men's 400 metres Freestyle,Gold
50124,Swimming Women's 200 metres Butterfly,Bronze
50170,Swimming Women's 100 metres Backstroke,Gold
50170,Swimming Women's 200 metres Backstroke,Silver
50170,Swimming Women's 200 metres Individual Medley,Gold
50170,Swimming Women's 400 metres Individual Medley,Gold
50222,Handball Women's Handball,Silver
50228,Rowing Women's Coxed Eights,Silver
50232,Rowing Men's Lightweight Double Sculls,Gold
50473,Boxing Men's Super-Heavyweight,Bronze
50552,"Wrestling Men's Middleweight, Freestyle",Bronze
50565,Boxing Men's Flyweight,Bronze
50653,Rowing Women's Lightweight Double Sculls,Bronze
50923,Volleyball Women's Volleyball,Gold
51457,Gymnastics Men's Floor Exercise,Silver
51514,Athletics Women's Triple Jump,Gold
51534,"Wrestling Men's Heavyweight, Freestyle",Bronze
51603,"Wrestling Women's Lightweight, Freestyle",Gold
51754,Athletics Men's 4 x 100 metres Relay,Silver
51818,"Wrestling Men's Heavyweight, Greco-Roman",Bronze
51921,Handball Women's Handball,Gold
52383,Basketball Men's Basketball,Gold
52448,Taekwondo Men's Heavyweight,Gold
53025,Taekwondo Men's Heavyweight,Bronze
53145,Athletics Women's 400 metres,Bronze
53145,Athletics Women's 4 x 400 metres Relay,Silver
53283,"Swimming Men's 1,500 metres Freestyle",Silver
53289,Volleyball Men's Volleyball,Bronze
53305,"Athletics Men's 3,000 metres Steeplechase",Silver
53423,Rowing Men's Coxed Eights,Silver
53492,Athletics Men's 400 metres,Silver
53547,Rowing Men's Quadruple Sculls,Bronze
53798,Rowing Women's Quadruple Sculls,Silver
54001,Athletics Men's Discus Throw,Bronze
54135,"Athletics Women's 3,000 metres Steeplechase",Gold
54302,Rowing Women's Lightweight Double Sculls,Silver
54379,Handball Men's Handball,Gold
55069,Rowing Men's Coxed Eights,Silver
55550,Basketball Men's Basketball,Silver
55676,Taekwondo Women's Featherweight,Gold
55874,Basketball Men's Basketball,Gold
56046,Basketball Women's Basketball,Bronze
56055,Basketball Men's Basketball,Silver
56073,Boxing Men's Super-Heavyweight,Silver
56133,Rowing Men's Lightweight Coxless Fours,Silver
56171,Volleyball Men's Volleyball,Silver
56863,Basketball Men's Basketball,Silver
56873,Handball Women's Handball,Gold
56887,Swimming Men's 400 metres Individual Medley,Silver
57212,Swimming Women's 200 metres Breaststroke,Gold
57315,Swimming Women's 800 metres Freestyle,Bronze
57388,Handball Men's Handball,Silver
57389,Handball Men's Handball,Silver
57997,Gymnastics Men's Team All-Around,Gold
58163,"Wrestling Women's Middleweight, Freestyle",Gold
58233,"Wrestling Men's Super-Heavyweight, Greco-Roman",Silver
58380,Rowing Men's Coxless Pairs,Silver
58684,Swimming Men's 200 metres Butterfly,Bronze
58688,Athletics Men's Pole Vault,Bronze
59302,"Wrestling Men's Featherweight, Freestyle",Gold
59542,"Athletics Women's 1,500 metres",Gold
59984,"Wrestling Men's Middleweight, Greco-Roman",Bronze
60247,Taekwondo Women's Flyweight,Gold
60284,Taekwondo Men's Flyweight,Bronze
60494,Swimming Women's 100 metres Breaststroke,Gold
60494,Swimming Women's 4 x 100 metres Medley Relay,Gold
60589,Athletics Men's Marathon,Gold
60624,"Athletics Men's 3,000 metres Steeplechase",Gold
60784,Athletics Women's Marathon,Silver
60790,Athletics Men's 4 x 100 metres Relay,Silver
60965,"Athletics Women's 3,000 metres Steeplechase",Silver
61715,Swimming Men's 4 x 200 metres Freestyle Relay,Bronze
61721,Rowing Women's Quadruple Sculls,Bronze
61812,Gymnastics Women's Team All-Around,Gold
61812,Gymnastics Women's Uneven Bars,Silver
62116,Athletics Women's Javelin Throw,Gold
63392,Athletics Men's Shot Put,Silver
63955,Handball Men's Handball,Gold
64109,Handball Women's Handball,Bronze
64194,Basketball Women's Basketball,Bronze
64636,"Wrestling Men's Light-Heavyweight, Greco-Roman",Bronze
64676,Rowing Men's Coxed Eights,Silver
64709,Handball Men's Handball,Bronze
64787,Gymnastics Men's Team All-Around,Silver
65199,Handball Women's Handball,Bronze
65411,Handball Women's Handball,Gold
65585,Boxing Men's Light-Heavyweight,Gold
65759,Handball Women's Handball,Silver
66315,Handball Men's Handball,Gold
66328,Handball Women's Handball,Silver
66517,Rowing Men's Coxed Eights,Gold
66575,Volleyball Men's Volleyball,Silver
66714,"Wrestling Women's Middleweight, Freestyle",Bronze
66726,Swimming Men's 200 metres Backstroke,Silver
66726,Swimming Men's 4 x 100 metres Medley Relay,Bronze
66805,Rowing Men's Lightweight Coxless Fours,Silver
66820,Handball Men's Handball,Gold
66861,Volleyball Women's Volleyball,Bronze
67233,Athletics Men's Pole Vault,Silver
67496,Swimming Men's 200 metres Freestyle,Silver
67496,Swimming Men's 100 metres Butterfly,Silver
67746,Swimming Women's 200 metres Freestyle,Gold
67746,Swimming Women's 400 metres Freestyle,Gold
67746,Swimming Women's 800 metres Freestyle,Gold
67746,Swimming Women's 4 x 100 metres Freestyle Relay,Silver
67746,Swimming Women's 4 x 200 metres Freestyle Relay,Gold
67831,Taekwondo Men's Featherweight,Bronze
67839,Volleyball Men's Volleyball,Bronze
68222,Rowing Women's Coxed Eights,Silver
68610,Athletics Men's 200 metres,Bronze
68640,Handball Men's Handball,Bronze
69027,Rowing Women's Quadruple Sculls,Bronze
69152,Handball Women's Handball,Gold
69163,Boxing Men's Heavyweight,Silver
69280,Handball Women's Handball,Silver
69285,Gymnastics Men's Parallel Bars,Silver
69285,Gymnastics Men's Horizontal Bar,Silver
69466,Boxing Women's Middleweight,Bronze
69771,Rowing Women's Quadruple Sculls,Gold
69854,Athletics Men's Marathon,Silver
69955,Gymnastics Men's Team All-Around,Bronze
69978,Volleyball Women's Volleyball,Gold
70582,Athletics Women's 20 kilometres Walk,Gold
70665,Volleyball Women's Volleyball,Gold
70677,Gymnastics Men's Team All-Around,Bronze
70766,"Wrestling Men's Featherweight, Freestyle",Bronze
70844,Volleyball Women's Volleyball,Bronze
70865,Basketball Men's Basketball,Bronze
70965,Swimming Men's 4 x 200 metres Freestyle Relay,Gold
70979,Rowing Men's Coxless Fours,Silver
70992,Rowing Men's Coxless Fours,Bronze
71034,Rowing Women's Coxed Eights,Gold
71328,Boxing Men's Middleweight,Gold
71437,"Wrestling Men's Super-Heavyweight, Greco-Roman",Gold
71687,Rowing Men's Coxless Fours,Gold
71799,Volleyball Women's Volleyball,Bronze
71822,Basketball Men's Basketball,Gold
71867,Handball Women's Handball,Bronze
71922,Athletics Women's 20 kilometres Walk,Bronze
71981,Volleyball Men's Volleyball,Gold
72059,Rowing Men's Coxed Eights,Bronze
72126,"Wrestling Men's Heavyweight, Greco-Roman",Silver
72160,Volleyball Men's Volleyball,Gold
72292,Handball Women's Handball,Bronze
73094,Swimming Women's 4 x 200 metres Freestyle Relay,Bronze
73147,Basketball Men's Basketball,Silver
73153,Rowing Women's Double Sculls,Gold
73221,Athletics Women's 4 x 100 metres Relay,Gold
73221,Athletics Women's Long Jump,Gold
73264,"Wrestling Men's Middleweight, Greco-Roman",Silver
73453,Swimming Men's 4 x 100 metres Freestyle Relay,Bronze
73525,Handball Men's Handball,Silver
73683,Swimming Women's 4 x 100 metres Freestyle Relay,Bronze
73857,Athletics Men's 800 metres,Silver
73857,"Athletics Men's 1,500 metres",Silver
73952,Taekwondo Women's Featherweight,Bronze
74029,Volleyball Women's Volleyball,Silver
74069,"Wrestling Women's Lightweight, Freestyle",Bronze
74264,"Wrestling Women's Middleweight, Freestyle",Silver
74294,Swimming Men's 50 metres Freestyle,Silver
74294,Swimming Men's 4 x 100 metres Freestyle Relay,Silver
74639,Swimming Women's 50 metres Freestyle,Silver
74639,Swimming Women's 100 metres Freestyle,Gold
74639,Swimming Women's 4 x 100 metres Freestyle Relay,Silver
74639,Swimming Women's 4 x 100 metres Medley Relay,Gold
74654,"Wrestling Women's Heavyweight, Freestyle",Silver
74678,Gymnastics Women's Team All-Around,Bronze
74930,Handball Women's Handball,Gold
74950,Swimming Women's 4 x 200 metres Freestyle Relay,Gold
75010,Gymnastics Men's Floor Exercise,Bronze
75202,Basketball Men's Basketball,Silver
75285,"Wrestling Women's Featherweight, Freestyle",Gold
75551,Rowing Men's Single Sculls,Silver
75850,Boxing Men's Light-Flyweight,Silver
75934,Athletics Women's Shot Put,Bronze
76218,Swimming Women's 100 metres Backstroke,Bronze
76226,Athletics Women's 4 x 400 metres Relay,Bronze
76433,Athletics Men's 4 x 400 metres Relay,Bronze
76551,Swimming Men's 4 x 200 metres Freestyle Relay,Bronze
76682,Athletics Men's 4 x 400 metres Relay,Silver
76735,"Wrestling Women's Featherweight, Freestyle",Bronze
76987,Athletics Men's Decathlon,Silver
77152,Athletics Men's Discus Throw,Silver
77314,Athletics Women's Pole Vault,Bronze
77390,Athletics Women's 4 x 400 metres Relay,Gold
77394,Basketball Women's Basketball,Gold
77475,Athletics Men's 4 x 400 metres Relay,Silver
77505,Swimming Men's 4 x 100 metres Freestyle Relay,Bronze
77505,Swimming Men's 4 x 100 metres Medley Relay,Bronze
77716,Swimming Women's 200 metres Freestyle,Bronze
77716,Swimming Women's 4 x 100 metres Freestyle Relay,Gold
77716,Swimming Women's 4 x 200 metres Freestyle Relay,Silver
77716,Swimming Women's 4 x 100 metres Medley Relay,Silver
77721,Swimming Women's 4 x 100 metres Medley Relay,Silver
77784,Athletics Women's 4 x 400 metres Relay,Silver
77942,Athletics Women's 4 x 400 metres Relay,Silver
77950,Athletics Men's 4 x 400 metres Relay,Gold
77955,Rowing Men's Quadruple Sculls,Silver
78267,Swimming Women's 100 metres Breaststroke,Bronze
78267,Swimming Women's 4 x 100 metres Medley Relay,Gold
78347,"Athletics Men's 3,000 metres Steeplechase",Bronze
78441,Boxing Men's Middleweight,Silver
78508,Gymnastics Women's Team All-Around,Silver
78964,Athletics Men's 400 metres,Bronze
78964,Athletics Men's 4 x 400 metres Relay,Gold
79112,Swimming Men's 4 x 100 metres Freestyle Relay,Silver
79256,Rowing Men's Coxed Eights,Bronze
79258,Swimming Men's 4 x 100 metres Freestyle Relay,Silver
79362,"Wrestling Women's Middleweight, Freestyle",Bronze
79541,Swimming Men's 4 x 100 metres Freestyle Relay,Silver
79561,Volleyball Women's Volleyball,Silver
79881,Swimming Men's 100 metres Breaststroke,Bronze
79881,Swimming Men's 4 x 100 metres Medley Relay,Gold
79938,Athletics Women's 400 metres,Gold
80002,Swimming Men's 4 x 200 metres Freestyle Relay,Silver
80039,Basketball Women's Basketball,Bronze
80204,Athletics Men's 4 x 100 metres Relay,Gold
80294,Basketball Men's Basketball,Bronze
81117,Handball Women's Handball,Bronze
81588,Rowing Men's Coxless Fours,Bronze
81671,Basketball Women's Basketball,Gold
82020,Swimming Men's 4 x 100 metres Medley Relay,Bronze
82271,Athletics Women's Pole Vault,Silver
82327,Handball Men's Handball,Gold
82474,Boxing Women's Lightweight,Gold
82763,Handball Women's Handball,Bronze
82900,Athletics Women's 400 metres Hurdles,Gold
82902,Taekwondo Men's Welterweight,Silver
83359,Rowing Men's Coxed Eights,Silver
83514,Athletics Men's 800 metres,Bronze
83534,Volleyball Women's Volleyball,Bronze
83545,Swimming Men's 100 metres Backstroke,Gold
83545,Swimming Men's 200 metres Backstroke,Gold
83545,Swimming Men's 4 x 100 metres Medley Relay,Gold
83571,Rowing Men's Coxless Pairs,Gold
83692,Rowing Women's Coxed Eights,Gold
83715,Gymnastics Women's Individual All-Around,Bronze
83715,Gymnastics Women's Team All-Around,Silver
83715,Gymnastics Women's Uneven Bars,Gold
84014,Gymnastics Men's Pommelled Horse,Bronze
84138,Gymnastics Men's Team All-Around,Silver
84527,Handball Men's Handball,Silver
84598,Rowing Men's Coxless Fours,Gold
84776,Basketball Men's Basketball,Bronze
84802,"Wrestling Men's Welterweight, Freestyle",Bronze
84850,Athletics Men's Hammer Throw,Gold
84943,Basketball Women's Basketball,Silver
84965,Swimming Women's 4 x 100 metres Freestyle Relay,Silver
84971,Swimming Women's 4 x 200 metres Freestyle Relay,Silver
85029,Basketball Men's Basketball,Silver
85141,Athletics Women's 4 x 100 metres Relay,Bronze
85554,Athletics Men's 4 x 400 metres Relay,Bronze
85631,Handball Men's Handball,Silver
85778,Taekwondo Women's Welterweight,Silver
85808,Basketball Women's Basketball,Silver
86018,Handball Men's Handball,Gold
86020,Swimming Women's 4 x 100 metres Medley Relay,Bronze
86104,Rowing Men's Lightweight Coxless Fours,Gold
86217,Boxing Men's Bantamweight,Bronze
86268,Volleyball Women's Volleyball,Silver
86469,Handball Women's Handball,Silver
86589,Boxing Men's Light-Heavyweight,Silver
86595,Athletics Women's 800 metres,Silver
87235,Athletics Men's Hammer Throw,Bronze
87255,Handball Men's Handball,Gold
87552,Handball Men's Handball,Silver
87584,Handball Women's Handball,Silver
87710,Rowing Women's Lightweight Double Sculls,Silver
87792,"Athletics Women's 5,000 metres",Silver
87890,Swimming Women's 200 metres Individual Medley,Silver
87939,Rowing Men's Coxed Eights,Silver
87962,Rowing Men's Lightweight Double Sculls,Silver
87963,Rowing Men's Lightweight Double Sculls,Silver
88115,Handball Women's Handball,Bronze
88185,Volleyball Women's Volleyball,Silver
88237,Taekwondo Women's Welterweight,Gold
88316,Athletics Women's 4 x 400 metres Relay,Bronze
88461,Swimming Women's 10 kilometres Open Water,Bronze
88474,Athletics Women's 4 x 400 metres Relay,Gold
88651,Swimming Women's 100 metres Freestyle,Gold
88651,Swimming Women's 4 x 100 metres Freestyle Relay,Bronze
88651,Swimming Women's 4 x 200 metres Freestyle Relay,Bronze
88651,Swimming Women's 100 metres Butterfly,Silver
88788,Swimming Men's 10 kilometres Open Water,Bronze
88896,Handball Men's Handball,Gold
89072,Handball Men's Handball,Silver
89216,Athletics Women's 4 x 400 metres Relay,Bronze
89300,Rowing Women's Coxed Eights,Bronze
89553,Athletics Men's 110 metres Hurdles,Silver
89927,"Wrestling Men's Featherweight, Greco-Roman",Silver
90004,Swimming Women's 4 x 100 metres Medley Relay,Bronze
90085,Taekwondo Men's Welterweight,Bronze
90122,Boxing Men's Lightweight,Silver
90133,Boxing Women's Flyweight,Silver
90179,Swimming Women's 4 x 200 metres Freestyle Relay,Bronze
90447,Swimming Men's 4 x 100 metres Medley Relay,Bronze
90547,Basketball Women's Basketball,Bronze
90729,Basketball Women's Basketball,Silver
90906,"Swimming Men's 1,500 metres Freestyle",Gold
90936,Rowing Women's Lightweight Double Sculls,Bronze
91878,Basketball Women's Basketball,Silver
91887,Gymnastics Women's Team All-Around,Silver
91887,Gymnastics Women's Horse Vault,Silver
92193,Rowing Women's Lightweight Double Sculls,Gold
92529,Swimming Men's 100 metres Breaststroke,Gold
92529,Swimming Men's 4 x 100 metres Medley Relay,Silver
92669,Swimming Women's 4 x 100 metres Medley Relay,Bronze
92787,Handball Men's Handball,Bronze
93475,Athletics Women's Discus Throw,Gold
94043,"Wrestling Men's Super-Heavyweight, Freestyle",Bronze
94066,Rowing Women's Coxed Eights,Bronze
94094,Gymnastics Men's Rings,Gold
94139,Handball Women's Handball,Gold
94165,Basketball Women's Basketball,Bronze
94406,Swimming Men's 4 x 100 metres Freestyle Relay,Gold
94406,Swimming Men's 4 x 200 metres Freestyle Relay,Gold
94406,Swimming Men's 100 metres Butterfly,Silver
94406,Swimming Men's 200 metres Butterfly,Gold
94406,Swimming Men's 200 metres Individual Medley,Gold
94406,Swimming Men's 4 x 100 metres Medley Relay,Gold
94426,Athletics Women's 4 x 100 metres Relay,Bronze
94549,Volleyball Men's Volleyball,Silver
94653,Taekwondo Men's Flyweight,Bronze
94713,Swimming Men's 4 x 100 metres Freestyle Relay,Gold
94948,Handball Women's Handball,Silver
95532,Swimming Men's 100 metres Backstroke,Bronze
95532,Swimming Men's 4 x 100 metres Medley Relay,Gold
95862,Rowing Women's Coxed Eights,Gold
96123,Rowing Women's Coxed Eights,Bronze
96211,Volleyball Women's Volleyball,Silver
96287,Handball Men's Handball,Silver
96466,Boxing Women's Lightweight,Bronze
96614,Athletics Men's 4 x 100 metres Relay,Gold
96858,Swimming Men's 200 metres Breaststroke,Silver
96957,Volleyball Men's Volleyball,Bronze
97242,Handball Women's Handball,Silver
97745,"Wrestling Men's Heavyweight, Freestyle",Silver
97884,Basketball Women's Basketball,Silver
98057,Boxing Men's Welterweight,Bronze
98178,Basketball Women's Basketball,Bronze
98227,Basketball Men's Basketball,Silver
98343,"Wrestling Men's Featherweight, Freestyle",Bronze
98419,Rowing Men's Lightweight Coxless Fours,Bronze
98437,Gymnastics Women's Individual All-Around,Silver
98437,Gymnastics Women's Team All-Around,Gold
98437,Gymnastics Women's Floor Exercise,Silver
98448,Rowing Men's Quadruple Sculls,Bronze
98669,Boxing Men's Bantamweight,Gold
98692,"Wrestling Men's Welterweight, Freestyle",Gold
98886,Rowing Men's Coxed Eights,Gold
98982,Volleyball Women's Volleyball,Silver
99021,Rowing Women's Coxless Pairs,Bronze
99523,Rowing Men's Coxed Eights,Gold
99538,Athletics Women's Long Jump,Silver
99568,Rowing Women's Coxed Eights,Gold
99679,Handball Men's Handball,Bronze
99780,Rowing Men's Coxed Eights,Silver
99913,Boxing Women's Flyweight,Bronze
100032,Swimming Men's 4 x 200 metres Freestyle Relay,Silver
100219,Basketball Men's Basketball,Bronze
100289,"Wrestling Men's Heavyweight, Greco-Roman",Bronze
100351,Gymnastics Men's Horse Vault,Gold
100714,Handball Women's Handball,Bronze
101070,Rowing Men's Double Sculls,Silver
101273,Athletics Women's Discus Throw,Silver
101292,Athletics Men's 4 x 400 metres Relay,Gold
101298,Swimming Men's 4 x 100 metres Freestyle Relay,Bronze
101454,Volleyball Women's Volleyball,Bronze
101660,Athletics Men's 4 x 100 metres Relay,Bronze
101810,Basketball Women's Basketball,Silver
101829,Boxing Men's Middleweight,Bronze
101854,Basketball Men's Basketball,Bronze
101889,Rowing Men's Coxed Eights,Bronze
102024,Athletics Men's Javelin Throw,Gold
102089,Athletics Women's Triple Jump,Silver
102175,Athletics Women's 100 metres Hurdles,Gold
102321,Basketball Women's Basketball,Silver
102779,Volleyball Men's Volleyball,Silver
103209,Basketball Men's Basketball,Bronze
103225,Swimming Women's 4 x 100 metres Freestyle Relay,Bronze
103225,Swimming Women's 4 x 200 metres Freestyle Relay,Bronze
103274,Athletics Men's 800 metres,Gold
103490,Swimming Women's 4 x 200 metres Freestyle Relay,Gold
103528,Athletics Men's Marathon,Bronze
103595,Volleyball Men's Volleyball,Bronze
103597,Athletics Men's 4 x 400 metres Relay,Bronze
103686,Athletics Men's Long Jump,Bronze
103877,Swimming Men's 200 metres Backstroke,Bronze
103888,Athletics Women's Triple Jump,Bronze
103994,Volleyball Men's Volleyball,Gold
104166,"Wrestling Men's Light-Heavyweight, Freestyle",Gold
104327,Boxing Men's Middleweight,Bronze
104355,"Wrestling Men's Super-Heavyweight, Freestyle",Bronze
104486,Swimming Men's 200 metres Butterfly,Silver
105311,Volleyball Men's Volleyball,Bronze
105802,"Wrestling Men's Heavyweight, Freestyle",Bronze
105974,Rowing Men's Coxed Eights,Gold
106100,Rowing Men's Coxed Eights,Silver
106188,Swimming Women's 4 x 200 metres Freestyle Relay,Bronze
106301,Boxing Men's Heavyweight,Bronze
106423,Rowing Men's Coxless Fours,Gold
106646,Gymnastics Women's Uneven Bars,Bronze
106907,Athletics Women's 200 metres,Silver
107024,Rowing Women's Coxed Eights,Gold
107069,Rowing Women's Quadruple Sculls,Gold
107131,Rowing Men's Coxed Eights,Silver
107185,Swimming Women's 4 x 100 metres Freestyle Relay,Silver
107185,Swimming Women's 4 x 200 metres Freestyle Relay,Gold
107434,Rowing Men's Quadruple Sculls,Gold
107436,Swimming Men's 100 metres Butterfly,Gold
107703,Rowing Men's Quadruple Sculls,Gold
107750,Rowing Men's Lightweight Coxless Fours,Gold
107993,Swimming Men's 4 x 200 metres Freestyle Relay,Silver
107993,Swimming Men's 4 x 100 metres Medley Relay,Silver
108041,Rowing Women's Coxless Pairs,Silver
108186,Handball Women's Handball,Gold
108198,Swimming Women's 4 x 100 metres Medley Relay,Silver
108532,Athletics Women's 800 metres,Gold
108579,"Wrestling Men's Super-Heavyweight, Greco-Roman",Bronze
108586,Handball Women's Handball,Gold
108960,Swimming Men's 400 metres Individual Medley,Bronze
109062,"Wrestling Men's Welterweight, Freestyle",Silver
109169,Boxing Women's Middleweight,Bronze
109218,Gymnastics Women's Team All-Around,Bronze
109676,Swimming Women's 200 metres Breaststroke,Bronze
109724,Boxing Women's Middleweight,Gold
109727,Swimming Men's 4 x 100 metres Medley Relay,Gold
109869,Gymnastics Men's Team All-Around,Gold
109869,Gymnastics Men's Horse Vault,Bronze
109967,Volleyball Men's Volleyball,Bronze
109968,Volleyball Men's Volleyball,Bronze
110265,Rowing Men's Coxed Eights,Bronze
110718,Rowing Women's Coxed Eights,Gold
110840,Basketball Men's Basketball,Silver
111288,"Wrestling Women's Featherweight, Freestyle",Bronze
111300,Rowing Men's Double Sculls,Gold
111301,Rowing Men's Double Sculls,Gold
111358,Taekwondo Men's Heavyweight,Bronze
111543,Swimming Women's 100 metres Freestyle,Bronze
111543,Swimming Women's 200 metres Freestyle,Silver
111543,Swimming Women's 100 metres Butterfly,Gold
111995,Athletics Women's 400 metres Hurdles,Silver
112220,Swimming Men's 4 x 200 metres Freestyle Relay,Gold
112232,Volleyball Men's Volleyball,Bronze
112334,Swimming Women's 400 metres Freestyle,Bronze
112334,Swimming Women's 4 x 200 metres Freestyle Relay,Gold
112342,Gymnastics Men's Pommelled Horse,Silver
112475,Swimming Women's 4 x 100 metres Medley Relay,Gold
112592,Rowing Women's Coxed Eights,Gold
112593,"Wrestling Men's Heavyweight, Freestyle",Gold
112872,Handball Women's Handball,Bronze
112904,Rowing Men's Lightweight Coxless Fours,Bronze
113243,Handball Men's Handball,Silver
113381,Boxing Men's Light-Welterweight,Silver
113389,Volleyball Men's Volleyball,Silver
113486,Volleyball Men's Volleyball,Gold
113499,Volleyball Men's Volleyball,Gold
113553,Handball Men's Handball,Gold
113674,Athletics Women's Long Jump,Bronze
113763,Athletics Women's 400 metres Hurdles,Bronze
113892,Gymnastics Women's Team All-Around,Silver
113946,Athletics Women's Javelin Throw,Bronze
113991,Rowing Women's Quadruple Sculls,Bronze
114078,"Wrestling Men's Light-Heavyweight, Freestyle",Bronze
114079,"Wrestling Men's Super-Heavyweight, Greco-Roman",Bronze
114160,"Wrestling Women's Flyweight, Freestyle",Silver
114347,Basketball Women's Basketball,Bronze
114367,Rowing Women's Coxless Pairs,Gold
114644,"Wrestling Men's Welterweight, Greco-Roman",Gold
114658,Athletics Women's Pole Vault,Gold
114826,Gymnastics Women's Horse Vault,Bronze
115059,Volleyball Women's Volleyball,Silver
115113,Boxing Men's Bantamweight,Silver
115132,Basketball Women's Basketball,Gold
115246,Basketball Men's Basketball,Silver
115459,Rowing Women's Single Sculls,Silver
115643,Rowing Men's Lightweight Double Sculls,Bronze
115717,Swimming Men's 4 x 100 metres Freestyle Relay,Silver
115758,Gymnastics Men's Team All-Around,Silver
115796,Handball Men's Handball,Bronze
115883,Rowing Women's Coxed Eights,Bronze
116165,Handball Women's Handball,Gold
116424,Athletics Women's Marathon,Gold
116504,"Wrestling Women's Flyweight, Freestyle",Bronze
116505,Swimming Men's 200 metres Freestyle,Gold
116505,Swimming Men's 400 metres Freestyle,Silver
116859,Handball Men's Handball,Gold
117068,Rowing Women's Coxed Eights,Silver
117258,Rowing Men's Single Sculls,Bronze
117302,"Wrestling Women's Light-Heavyweight, Freestyle",Bronze
117835,Rowing Men's Quadruple Sculls,Bronze
118133,Athletics Men's 50 kilometres Walk,Silver
118268,Gymnastics Women's Team All-Around,Bronze
118359,Gymnastics Men's Team All-Around,Gold
118509,"Athletics Men's 10,000 metres",Silver
118702,"Wrestling Men's Featherweight, Greco-Roman",Bronze
118720,Taekwondo Women's Welterweight,Bronze
118778,Basketball Women's Basketball,Gold
118870,Athletics Men's Triple Jump,Gold
119198,Basketball Men's Basketball,Silver
119559,Athletics Women's Heptathlon,Bronze
119631,Athletics Women's Heptathlon,Gold
119662,Rowing Women's Quadruple Sculls,Gold
119895,Volleyball Women's Volleyball,Bronze
119903,Athletics Women's 100 metres,Gold
119903,Athletics Women's 200 metres,Gold
119903,Athletics Women's 4 x 100 metres Relay,Silver
119932,Basketball Men's Basketball,Gold
120074,Rowing Women's Double Sculls,Silver
120312,Athletics Men's Hammer Throw,Silver
120388,Swimming Men's 100 metres Freestyle,Silver
120443,Gymnastics Women's Floor Exercise,Bronze
120511,Boxing Men's Heavyweight,Gold
120780,"Athletics Men's 10,000 metres",Bronze
121237,Basketball Women's Basketball,Silver
121345,"Wrestling Women's Flyweight, Freestyle",Gold
121412,Athletics Men's 50 kilometres Walk,Gold
121635,Rowing Men's Lightweight Coxless Fours,Gold
121915,Rowing Men's Coxed Eights,Gold
122093,Volleyball Men's Volleyball,Bronze
122530,Rowing Men's Double Sculls,Bronze
122563,Boxing Men's Heavyweight,Bronze
122609,Athletics Men's 400 metres Hurdles,Silver
122858,Gymnastics Women's Team All-Around,Silver
123056,Gymnastics Men's Individual All-Around,Gold
123056,Gymnastics Men's Team All-Around,Gold
123195,Rowing Men's Coxed Eights,Bronze
123871,Rowing Women's Double Sculls,Bronze
123925,Boxing Women's Flyweight,Bronze
124348,Swimming Men's 100 metres Breaststroke,Silver
124731,Swimming Women's 4 x 100 metres Freestyle Relay,Bronze
124804,Athletics Men's 400 metres,Gold
124886,Swimming Women's 10 kilometres Open Water,Gold
125792,Volleyball Women's Volleyball,Silver
125943,Athletics Men's 4 x 400 metres Relay,Gold
126096,Gymnastics Men's Individual All-Around,Silver
126096,Gymnastics Men's Parallel Bars,Gold
126144,Rowing Men's Coxed Eights,Bronze
126248,Volleyball Men's Volleyball,Silver
126330,Rowing Men's Coxless Fours,Bronze
126574,Athletics Women's Javelin Throw,Silver
126862,Rowing Women's Double Sculls,Bronze
126975,Athletics Women's High Jump,Bronze
126983,"Wrestling Men's Middleweight, Greco-Roman",Gold
127216,Swimming Women's 4 x 100 metres Freestyle Relay,Silver
127216,Swimming Women's 100 metres Butterfly,Bronze
127216,Swimming Women's 4 x 100 metres Medley Relay,Gold
127491,"Wrestling Women's Light-Heavyweight, Freestyle",Silver
127739,Handball Women's Handball,Gold
128033,Athletics Men's Javelin Throw,Bronze
128077,Taekwondo Women's Heavyweight,Bronze
128145,Swimming Men's 4 x 100 metres Medley Relay,Silver
128152,Volleyball Men's Volleyball,Gold
128156,Swimming Men's 4 x 200 metres Freestyle Relay,Silver
128283,Athletics Men's Shot Put,Bronze
128565,Swimming Men's 200 metres Individual Medley,Bronze
128618,Gymnastics Women's Team All-Around,Bronze
128646,Athletics Men's 20 kilometres Walk,Gold
128773,Athletics Men's Decathlon,Bronze
129236,Swimming Men's 10 kilometres Open Water,Gold
129294,Volleyball Women's Volleyball,Gold
129382,Handball Men's Handball,Bronze
129402,Swimming Women's 4 x 100 metres Freestyle Relay,Silver
129476,Swimming Women's 4 x 100 metres Freestyle Relay,Silver
129476,Swimming Women's 4 x 100 metres Medley Relay,Gold
129601,Rowing Men's Quadruple Sculls,Gold
129898,Gymnastics Women's Balance Beam,Gold
129913,Basketball Women's Basketball,Gold
130071,Gymnastics Men's Individual All-Around,Bronze
130071,Gymnastics Men's Floor Exercise,Gold
130071,Gymnastics Men's Pommelled Horse,Gold
130186,"Wrestling Women's Heavyweight, Freestyle",Gold
130204,Handball Men's Handball,Bronze
130246,Handball Men's Handball,Bronze
130259,Rowing Men's Coxed Eights,Bronze
130298,Rowing Men's Coxed Eights,Bronze
130568,Athletics Women's 4 x 100 metres Relay,Silver
130645,Swimming Women's 4 x 100 metres Freestyle Relay,Bronze
130707,Athletics Women's 4 x 400 metres Relay,Silver
130734,"Athletics Men's 1,500 metres",Bronze
130864,Swimming Women's 4 x 100 metres Freestyle Relay,Gold
130864,Swimming Women's 4 x 100 metres Medley Relay,Silver
130868,Rowing Women's Coxed Eights,Silver
130874,Gymnastics Men's Horizontal Bar,Bronze
131072,Rowing Men's Lightweight Coxless Fours,Silver
131193,Athletics Women's Hammer Throw,Gold
131339,Handball Men's Handball,Bronze
131451,Taekwondo Women's Flyweight,Bronze
131614,Swimming Women's 4 x 100 metres Medley Relay,Gold
131981,Basketball Women's Basketball,Silver
132065,Swimming Men's 100 metres Backstroke,Silver
132103,Volleyball Women's Volleyball,Gold
132276,Athletics Men's 4 x 100 metres Relay,Silver
132340,Gymnastics Men's Team All-Around,Gold
132415,Volleyball Women's Volleyball,Gold
132485,Volleyball Women's Volleyball,Gold
132603,"Wrestling Women's Flyweight, Freestyle",Bronze
132665,"Wrestling Men's Light-Heavyweight, Freestyle",Silver
132729,"Wrestling Men's Middleweight, Freestyle",Gold
132765,Swimming Women's 100 metres Breaststroke,Silver
132765,Swimming Women's 200 metres Breaststroke,Silver
132776,Athletics Men's Javelin Throw,Silver
132813,Boxing Men's Welterweight,Gold
132899,Handball Women's Handball,Gold
132989,Boxing Women's Lightweight,Silver
133031,Boxing Men's Super-Heavyweight,Gold
133130,"Wrestling Women's Featherweight, Freestyle",Silver
133174,Gymnastics Men's Team All-Around,Bronze
133402,Volleyball Women's Volleyball,Gold
133577,Handball Women's Handball,Silver
133931,Gymnastics Men's Rings,Silver
134145,Volleyball Men's Volleyball,Silver
134431,Volleyball Women's Volleyball,Gold
134433,Gymnastics Men's Team All-Around,Bronze
134448,"Wrestling Women's Heavyweight, Freestyle",Bronze
134559,Athletics Women's Hammer Throw,Silver
134663,Taekwondo Men's Flyweight,Gold
134740,Taekwondo Women's Heavyweight,Gold
134759,Handball Women's Handball,Gold
134776,"Wrestling Women's Lightweight, Freestyle",Silver
134857,Volleyball Women's Volleyball,Gold
135132,Volleyball Women's Volleyball,Silver
135205,Boxing Men's Flyweight,Gold
